Book Id,Title,Author,Author l-f,Additional Authors,ISBN,ISBN13,My Rating,Publisher,Binding,Number of Pages,Year Published,Original Publication Year,Date Read,Date Added,Bookshelves,Bookshelves with positions,Exclusive Shelf,My Review,Spoiler,Private Notes,Read Count,Owned Copies
53536557,"The Lesser Devil (The Sun Eater, #1.5)",Christopher Ruocchio,"Ruocchio, Christopher",,,,0,,Kindle Edition,185,2020,2020,,2026/05/31,to-read,to-read (#25),to-read,,,,1,0
944652,Poor Charlie's Almanack: The Wit and Wisdom of Charles T. Munger,Charles T. Munger,"Munger, Charles T.",Peter E. Kaufman,157864366X,9781578643660,0,Donning Co Pub,Hardcover,512,2006,2005,,2025/11/02,to-read,to-read (#24),to-read,,,,1,0
60567289,Pharaohs of the Sun: How Egypt's Despots and Dreamers Drove the Rise and Fall of Tutankhamun's Dynasty,Guy de la Bédoyère,"Bédoyère, Guy de la",,1408714256,9781408714256,0,"Little, Brown",Hardcover,560,2022,2023,,2025/10/27,to-read,to-read (#23),to-read,,,,1,0
11250317,The Song of Achilles,Madeline Miller,"Miller, Madeline",,1408816032,9781408816035,5.0,Bloomsbury Publishing,Hardcover,352,2011,2011,2019/02/08,2018/12/16,favorites,favorites (#17),read,,,,2,0
56990077,First Peoples in a New World,David J. Meltzer,"Meltzer, David J.",,1108735479,9781108735476,0,Cambridge University Press,Paperback,514,2021,,,2026/08/05,currently-reading,currently-reading (#2),currently-reading,,,,1,0
199793692,"Lost Worlds: How Humans Tried, Failed, Succeeded, and Built Our World",Patrick Wyman,"Wyman, Patrick",,0063256487,9780063256484,4.0,Harper,Hardcover,464,2026,2026,2026/07/20,2026/07/01,,,read,,,,1,0
222685709,"Shadows Upon Time (The Sun Eater, #7)",Christopher Ruocchio,"Ruocchio, Christopher",,,,5.0,,Unknown Binding,928,2025,2025,2026/7/24,2026/05/27,,,read,,,,2,0
28251240,The Call of Cthulhu and Other Weird Stories,H.P. Lovecraft,"Lovecraft, H.P.",S.T. Joshi,0143129457,9780143129455,4.0,Penguin Classics,Paperback,360,2016,1928,2019/03/05,2019/02/08,,,read,,,,1,0
176443792,"Disquiet Gods (The Sun Eater, #6)",Christopher Ruocchio,"Ruocchio, Christopher",,1982193328,9781982193324,5.0,Baen,Hardcover,704,2024,2024,2026/06/20,2026/05/27,,,read,,,,1,0
60427253,"Ashes of Man (The Sun Eater, #5)",Christopher Ruocchio,"Ruocchio, Christopher",,0756416604,9780756416607,4.0,DAW,Hardcover,544,2022,2022,2026/06/01,2026/05/31,,,read,,,,1,0
57443696,"Kingdoms of Death (The Sun Eater, #4)",Christopher Ruocchio,"Ruocchio, Christopher",,1473218357,9781473218352,4.0,Gollancz,Paperback,544,2022,2022,2026/05/17,2026/05/17,,,read,,,,1,0
50156751,"Demon in White (The Sun Eater, #3)",Christopher Ruocchio,"Ruocchio, Christopher",,1473218322,9781473218321,5.0,Gollancz,Paperback,784,2020,2020,2026/04/30,2026/03/23,,,read,,,,1,0
49021976,"Rhythm of War (The Stormlight Archive, #4)",Brandon Sanderson,"Sanderson, Brandon",,0765326388,9780765326386,0,Tor Books,Hardcover,1232,2020,2020,,2026/03/22,currently-reading,currently-reading (#1),currently-reading,,,,1,0
41564599,"Howling Dark (The Sun Eater, #2)",Christopher Ruocchio,"Ruocchio, Christopher",,,,5.0,DAW,Hardcover,688,2019,2019,2026/03/22,2026/03/05,,,read,,,,1,0
36454667,"Empire of Silence (The Sun Eater, #1)",Christopher Ruocchio,"Ruocchio, Christopher",,0756413028,9780756413026,5.0,DAW,Kindle Edition,753,2018,2018,2026/03/03,2026/02/19,,,read,,,,1,0
56791389,"Dungeon Crawler Carl (Dungeon Crawler Carl, #1)",Matt Dinniman,"Dinniman, Matt",,,,5.0,Dandy House,Kindle Edition,464,2020,2020,2026/02/17,2026/02/14,,,read,,,,1,0
223962951,The Wax Child,Olga Ravn,"Ravn, Olga",Martin Aitken,0811238830,9780811238830,0,New Directions,Hardcover,176,2025,2023,,2026/02/15,to-read,to-read (#22),to-read,,,,0,0
35749414,Who We Are and How We Got Here: Ancient DNA and the New Science of the Human Past,David  Reich,"Reich, David",,110187032X,9781101870327,4.0,Pantheon,Hardcover,335,2018,2018,2026/02/09,2025/12/22,,,read,,,,1,0
34002132,"Oathbringer (The Stormlight Archive, #3)",Brandon Sanderson,"Sanderson, Brandon",,,,5.0,Tor Books,Hardcover,1248,2017,2017,2026/01/31,2026/01/03,,,read,,,,1,0
34927445,"Creators, Conquerors, and Citizens: A History of Ancient Greece",Robin Waterfield,"Waterfield, Robin",,019023430X,9780190234300,0,Oxford University Press,Hardcover,511,2018,2018,,2026/01/26,to-read,to-read (#21),to-read,,,,0,0
35820369,The Rise and Fall of the Dinosaurs: A New History of a Lost World,Steve Brusatte,"Brusatte, Steve",,0062490427,9780062490421,0,Mariner Books,Hardcover,404,2018,2018,,2026/01/17,to-read,to-read (#20),to-read,,,,0,0
1831667,"The Horse, the Wheel, and Language: How Bronze-Age Riders from the Eurasian Steppes Shaped the Modern World",David W. Anthony,"Anthony, David W.",,0691058873,9780691058870,0,Princeton University Press,Hardcover,568,2007,2007,,2026/01/17,to-read,to-read (#19),to-read,,,,0,0
10416806,The Palaeolithic Origins of Human Burial,Paul Pettitt,"Pettitt, Paul",,0415354900,9780415354905,0,Routledge,Paperback,320,2011,2005,,2023/10/12,to-read,to-read (#18),to-read,,,,1,0
139310,The Oxford History of Ancient Egypt (Oxford Illustrated Histories),Ian Shaw,"Shaw, Ian",,0198150342,9780198150343,0,Oxford University Press,Hardcover,512,2000,2000,,2025/03/05,to-read,to-read (#17),to-read,,,,1,0
126560534,The ethics of Aristotle: The Nichomachean ethics (Penguin classics),Aristotle,"Aristotle, Aristotle",,,,5.0,Penguin,Mass Market Paperback,0,1974,,2026/01/17,2025/07/26,,,read,,,,1,0
17332218,"Words of Radiance (The Stormlight Archive, #2)",Brandon Sanderson,"Sanderson, Brandon",,0765326361,9780765326362,5.0,Tor Books,Hardcover,1088,2014,2014,2026/01/03,2025/03/04,,,read,,,,1,0
43886256,"The Invention of Yesterday: A 50,000-Year History of Human Culture, Conflict, and Connection",Tamim Ansary,"Ansary, Tamim",,1610397967,9781610397964,3.0,PublicAffairs,Hardcover,448,2019,2019,2025/12/22,2025/12/22,,,read,,,,1,0
50202953,Piranesi,Susanna Clarke,"Clarke, Susanna",,,,5.0,Bloomsbury,Hardcover,245,2020,2020,2022/02/18,2022/02/17,favorites,favorites (#38),read,,,,2,0
228646231,"If Anyone Builds It, Everyone Dies: Why Superhuman AI Would Kill Us All",Eliezer Yudkowsky,"Yudkowsky, Eliezer",Nate Soares,,,3.0,"Little, Brown and Company",Hardcover,272,2025,2025,2025/12/14,2025/12/10,,,read,,,,1,0
211179569,1929: Inside the Greatest Crash in History – and How It Shattered a Nation,Andrew Ross Sorkin,"Sorkin, Andrew Ross",,0241479428,9780241479421,3.0,Viking Books,Kindle Edition,577,2025,2025,2025/12/10,2025/11/27,,,read,,,,1,0
62084696,Homer and His Iliad,Robin Lane Fox,"Fox, Robin Lane",,0241524512,9780241524510,4.0,Allen Lane,Hardcover,464,2023,2023,2025/11/27,2025/10/26,,,read,,,,1,0
65916344,"Holly (Holly Gibney, #3)",Stephen  King,"King, Stephen",,1668016133,9781668016138,5.0,Scribner,Hardcover,449,2023,2023,2025/11/3,2023/10/12,,,read,,,,2,0
221633230,"Never Flinch (Holly Gibney, #4)",Stephen  King,"King, Stephen",,1668089335,9781668089330,4.0,Scribner,Hardcover,448,2025,2025,2025/10/20,2025/10/20,,,read,,,,1,0
8520362,The Grand Design,Stephen W. Hawking,"Hawking, Stephen W.",Leonard Mlodinow,0553805371,9780553805376,0,Bantam,Hardcover,199,2010,2010,,2025/09/10,to-read,to-read (#16),to-read,,,,0,0
40101080,Gnosticism: From Nag Hammadi to the Gospel of Judas,David Brakke,"Brakke, David",,,,4.0,The Great Courses,Audible Audio,13,2015,,2025/09/10,2025/07/06,,,read,,,,1,0
398062,"The Sumerians: Their History, Culture, and Character",Samuel Noah Kramer,"Kramer, Samuel Noah",,0226452387,9780226452388,3.0,University of Chicago Press,Paperback,355,1970,1963,2025/08/29,2025/07/11,,,read,,,,1,0
30289,The Republic,Plato,"Plato, Plato",Desmond Lee,0140449140,9780140449143,5.0,Penguin Classics,Paperback,416,2003,-400,2025/07/26,2019/07/02,,,read,,,,1,0
127227,The Human Condition,Hannah Arendt,"Arendt, Hannah",Margaret Canovan,0226025985,9780226025988,5.0,The University of Chicago Press,Paperback,349,1998,1958,2025/07/18,2025/07/06,favorites,favorites (#37),read,,,,1,0
156008248,"Alexander at the End of the World: The Forgotten Final Years of Alexander the Great – A Riveting Biography of Leadership, Ambition, and the Campaign That Forged History",Rachel Kousser,"Kousser, Rachel",,0062869701,9780062869708,4.0,Mariner Books,Kindle Edition,416,2024,2024,2025/07/06,2025/06/20,,,read,,,,1,0
219446263,My Next Breath,Jeremy Renner,"Renner, Jeremy",,1250383536,9781250383532,5.0,Flatiron Books,Hardcover,224,2025,2025,2025/06/18,2025/06/17,,,read,,,,1,0
217387741,Proto: How One Ancient Language Went Global,Laura Spinney,"Spinney, Laura",,1639732586,9781639732586,4.0,Bloomsbury Publishing,Hardcover,352,2025,2025,2025/06/13,2025/06/10,,,read,,,,1,0
213034913,Source Code: My Beginnings,Bill  Gates,"Gates, Bill",,059380158X,9780593801581,5.0,Knopf,Hardcover,336,2025,2025,2025/06/10,2025/05/31,favorites,favorites (#36),read,,,,1,0
58881416,Buried: An Alternative History of the First Millennium in Britain,Alice Roberts,"Roberts, Alice",,1398510041,9781398510043,4.0,Simon & Schuster UK,Kindle Edition,351,2022,2022,2025/05/31,2025/05/21,,,read,,,,1,0
89230,Augustus: The Life of Rome's First Emperor,Anthony Everitt,"Everitt, Anthony",,1400061288,9781400061280,4.0,Random House,Hardcover,377,2006,2006,2025/05/21,2025/04/30,,,read,,,,1,0
1010952,Opening the Hand of Thought: Foundations of Zen Buddhist Practice,Kosho Uchiyama,"Uchiyama, Kosho","Tom Wright, Jisho Warner, Shohaku Okumura",0861713575,9780861713578,0,Wisdom Publications,Paperback,256,2004,1993,2025/04/30,2025/04/16,,,read,,,,1,0
463533,The Landmark Herodotus: The Histories,Herodotus,"Herodotus, Herodotus","Robert B. Strassler, Andrea L. Purvis, Rosalind Thomas",0375421092,9780375421099,0,Pantheon Books,Hardcover,953,2007,-430,,2023/01/26,to-read,to-read (#15),to-read,,,,1,0
588138,The Hero with a Thousand Faces,Joseph Campbell,"Campbell, Joseph",,0691017840,9780691017846,0,Princeton University Press,Paperback,416,1972,1949,,2023/04/08,to-read,to-read (#14),to-read,,,,1,0
84593,Cicero: The Life and Times of Rome's Greatest Politician,Anthony Everitt,"Everitt, Anthony",,037575895X,9780375758959,0,Random House,Paperback,364,2003,2001,,2023/08/19,to-read,to-read (#13),to-read,,,,1,0
59808227,Egypt's Golden Couple: When Akhenaten and Nefertiti Were Gods on Earth,John Darnell,"Darnell, John",Colleen Manassa Darnell,1250272874,9781250272874,0,St. Martin's Press,Hardcover,384,2022,2022,,2024/10/12,to-read,to-read (#12),to-read,,,,1,0
1211707,Mathematics for Finance: An Introduction to Financial Engineering (Springer Undergraduate Mathematics Series),Marek Capiński,"Capiński, Marek",Tomasz J. Zastawniak,1852333308,9781852333300,0,Springer,Paperback,310,2007,2003,,2024/12/13,to-read,to-read (#11),to-read,,,,1,0
7235533,"The Way of Kings (The Stormlight Archive, #1)",Brandon Sanderson,"Sanderson, Brandon",,0765326353,9780765326355,5.0,Tor Books,Hardcover,1007,2010,2010,2025/03/03,2025/02/09,,,read,,,,1,0
199757490,Incidents Around the House,Josh Malerman,"Malerman, Josh",,0593723120,9780593723128,3.0,Del Rey,Hardcover,367,2024,2024,2025/01/26,2025/01/25,,,read,,,,1,0
41154983,"Arabs: A 3,000-Year History of Peoples, Tribes and Empires",Tim Mackintosh-Smith,"Mackintosh-Smith, Tim",,0300180284,9780300180282,4.0,Yale University Press,Hardcover,630,2019,2019,2025/01/25,2025/01/17,,,read,,,,1,0
90557,Buddhism without Beliefs: A Contemporary Guide to Awakening,Stephen Batchelor,"Batchelor, Stephen",,1573226564,9781573226561,5.0,Riverhead Books,Paperback,127,1998,1997,2025/01/17,2025/01/16,,,read,,,,1,0
55145261,The Anthropocene Reviewed: Essays on a Human-Centered Planet,John  Green,"Green, John",,0525555218,9780525555216,5.0,Dutton,Hardcover,304,2021,2021,2021/12/20,2021/10/02,,,read,,,,1,0
60670063,Homo Sapiens Rediscovered: The Scientific Revolution Rewriting Our Origins (The Rediscovered Series),Paul Pettitt,"Pettitt, Paul",,0500252637,9780500252635,5.0,Thames & Hudson,Hardcover,320,2023,2023,2024/12/23,2024/12/13,,,read,,,,1,0
2985255,"Margin Trading from A to Z: A Complete Guide to Borrowing, Investing and Regulation",M.T. Curley,"Curley, M.T.",,0470173947,9780470173947,3.0,Wiley,Hardcover,187,2008,2008,2024/12/15,2024/12/13,,,read,,,,1,0
36794489,When Einstein Walked with Gödel: Excursions to the Edge of Thought,Jim Holt,"Holt, Jim",,0374146705,9780374146702,5.0,"Farrar, Straus and Giroux",Hardcover,368,2018,2018,2024/12/12,2024/12/07,,,read,,,,1,0
62347048,Ramesses the Great: Egypt's King of Kings,Toby Wilkinson,"Wilkinson, Toby",,0300256655,9780300256659,5.0,Yale University Press,Hardcover,240,2023,2023,2024/12/05,2024/12/03,,,read,,,,1,0
2246251,Early Dynastic Egypt,Toby Wilkinson,"Wilkinson, Toby",,0415186331,9780415186339,0,Routledge,Hardcover,436,1999,1999,,2024/12/03,to-read,to-read (#10),to-read,,,,0,0
200776812,Butter,Asako Yuzuki,"Yuzuki, Asako",Polly Barton,0063236400,9780063236400,4.0,Ecco,Hardcover,464,2024,2017,2024/12/03,2024/11/07,,,read,,,,1,0
189311,Lucy: The Beginnings of Humankind,Donald C. Johanson,"Johanson, Donald C.",Maitland A. Edey,0671724991,9780671724993,5.0,Simon & Schuster,Paperback,416,1981,1981,2024/11/23,2024/05/29,favorites,favorites (#35),read,,,,1,0
10767816,Ghost on the Throne: The Death of Alexander the Great and the War for Crown and Empire,James Romm,"Romm, James",,0307271641,9780307271648,4.0,Alfred A. Knopf,Hardcover,341,2011,2011,2024/11/19,2024/11/14,,,read,,,,1,0
182733784,Nuclear War: A Scenario,Annie Jacobsen,"Jacobsen, Annie",,0593476093,9780593476093,5.0,Dutton,Hardcover,373,2024,2024,2024/11/04,2024/11/01,,,read,,,,1,0
87539,The Peloponnesian War,Donald Kagan,"Kagan, Donald",,0142004375,9780142004371,5.0,Penguin Books,Paperback,511,2004,2003,2024/11/01,2024/10/31,,,read,,,,1,0
53689907,Basic Writings of Kant,Immanuel Kant,"Kant, Immanuel",,,,0,,Paperback,475,,2001,,2024/10/12,to-read,to-read (#9),to-read,,,,0,0
26597310,Philosophy before the Greeks: The Pursuit of Truth in Ancient Babylonia,Marc Van de Mieroop,"Mieroop, Marc Van de",,0691157189,9780691157184,0,Oxford University Press,Hardcover,312,2015,2015,,2024/10/12,to-read,to-read (#8),to-read,,,,0,0
8358754,Brotherhood of Kings: How International Relations Shaped the Ancient Near East,Amanda H. Podany,"Podany, Amanda H.",,0195313984,9780195313987,0,Oxford University Press,Hardcover,424,2010,2010,,2024/10/12,to-read,to-read (#7),to-read,,,,0,0
62069739,When We Cease to Understand the World,Benjamín Labatut,"Labatut, Benjamín",Adrian Nathan West,,,0,New York Review Books,Kindle Edition,193,2022,2020,,2024/10/12,to-read,to-read (#6),to-read,,,,0,0
13593203,The Secrets of Alchemy (Synthesis),Lawrence M. Principe,"Principe, Lawrence M.",,0226682951,9780226682952,4.0,University of Chicago Press,Hardcover,281,2012,2012,2024/10/12,2024/10/07,,,read,,,,1,0
199026522,Middle of the Night,Riley Sager,"Sager, Riley",,0593472373,9780593472378,3.0,Dutton,Hardcover,376,2024,2024,2024/10/07,2024/10/07,,,read,,,,1,0
77265004,The Iliad,Homer,"Homer, Homer",Emily Wilson,1324001801,9781324001805,5.0,W. W. Norton & Company,Hardcover,848,2023,-750,2024/09/28,2024/02/04,,,read,,,,1,0
56233220,The World Before Us: How Science is Revealing a New Story of Our Human Origins,Tom Higham,"Higham, Tom",,,,5.0,Penguin,Kindle Edition,320,2021,2021,2024/09/28,2024/09/21,,,read,,,,1,0
12497,No Country for Old Men,Cormac McCarthy,"McCarthy, Cormac",,,,5.0,Knopf Doubleday Publishing Group,Paperback,309,2006,2005,2024/09/21,2023/08/12,,,read,,,,1,0
154958154,After 1177 B.C.: The Survival of Civilizations,Eric H. Cline,"Cline, Eric H.",,0691192138,9780691192130,4.0,Princeton University Press,Hardcover,352,2024,2024,2024/09/12,2024/09/04,,,read,,,,1,0
5616319,First Peoples in a New World: Colonizing Ice Age America,David J. Meltzer,"Meltzer, David J.",,0520250524,9780520250529,0,University of California Press,Hardcover,464,2009,2009,,2024/09/04,to-read,to-read (#5),to-read,,,,0,0
60215300,Indigenous Continent: The Epic Contest for North America,Pekka Hämäläinen,"Hämäläinen, Pekka",,1631496999,9781631496998,0,Liveright,Hardcover,592,2022,2022,,2024/09/04,to-read,to-read (#4),to-read,,,,0,0
61327450,Pathogenesis: A History of the World in Eight Plagues,Jonathan     Kennedy,"Kennedy, Jonathan",,0593240472,9780593240472,0,Crown,Hardcover,304,2023,2023,,2024/09/04,to-read,to-read (#3),to-read,,,,0,0
58986604,"The Rise and Reign of the Mammals: A New History, from the Shadow of the Dinosaurs to Us",Steve Brusatte,"Brusatte, Steve",,0062951513,9780062951519,5.0,Mariner Books,Hardcover,528,2022,2022,2024/09/01,2024/06/02,,,read,,,,1,0
49410815,The First Ghosts: Most Ancient of Legacies,Irving Finkel,"Finkel, Irving",,,,5.0,Hodder & Stoughton,Kindle Edition,334,2021,,2024/09/01,2024/04/25,,,read,,,,1,0
43877479,Surfacing,Kathleen Jamie,"Jamie, Kathleen",,0143134450,9780143134459,4.0,Penguin Books Ltd ,Paperback,256,2019,2019,2024/06/16,2024/06/08,,,read,,,,1,0
61918856,Assyria: The Rise and Fall of the World’s First Empire,Eckart Frahm,"Frahm, Eckart",,1541674405,9781541674400,5.0,Basic Books,Hardcover,528,2023,2023,2024/06/10,2024/06/02,,,read,,,,1,0
52716713,First Steps: How Upright Walking Made Us Human,Jeremy Desilva,"Desilva, Jeremy",,0062938517,9780062938510,5.0,Harper,ebook,352,2021,2021,2024/05/29,2024/05/23,,,read,,,,1,0
53345321,Ancient Bones: Unearthing the Astonishing New Story of How We Became Human,Madelaine Böhme,"Böhme, Madelaine",,1771647515,9781771647519,4.0,Greystone Books,Hardcover,337,2020,2019,2024/05/03,2024/04/25,,,read,,,,1,0
32307358,"Origin (Robert Langdon, #5)",Dan    Brown,"Brown, Dan",,,,4.0,Doubleday ,ebook,480,2017,2017,2018/07/23,2024/04/24,,,read,"Definitely an interesting, albeit fanciful, take on AI and its potential impact on society. A fun, quick read.",,,2,0
60784372,The God of Endings,Jacqueline  Holland,"Holland, Jacqueline",,1250856760,9781250856760,4.0,Flatiron Books,Hardcover,480,2023,2023,2024/04/11,2024/04/01,,,read,,,,1,0
1363341,Watchmaking,George   Daniels,"Daniels, George",,0856674974,9780856674976,5.0,Philip Wilson Publishers,Hardcover,460,1999,1982,2018/07/23,2018/05/25,,,read,"This book really has it all. From tooling to escapement design, Daniels provides the reader with everything they need to understand the fundamentals of how a mechanical watch works.",,,1,0
34466963,Why We Sleep: Unlocking the Power of Sleep and Dreams,Matthew Walker,"Walker, Matthew",,,,5.0,Scribner,Hardcover,368,2017,2017,2020/01/15,2020/01/06,,,read,,,,1,0
149105520,Going Infinite: The Rise and Fall of a New Tycoon,Michael   Lewis,"Lewis, Michael",,1324074337,9781324074335,4.0,W. W. Norton & Company,Hardcover,272,2023,2023,2024/03/14,2023/12/27,,,read,,,,1,0
239239,The Prestige,Christopher Priest,"Priest, Christopher",,0312858868,9780312858865,5.0,Tom Doherty Associates Tor Books,Paperback,404,1997,1995,2024/03/03,2024/02/21,favorites,favorites (#34),read,,,,1,0
58777696,"River of the Gods: Genius, Courage and Betrayal in the Search for the Source of the Nile",Candice Millard,"Millard, Candice",,052552407X,9780525524076,4.0,Doubleday,Hardcover,349,2022,2022,2024/02/19,2023/01/24,,,read,,,,1,0
60747078,The Scythian Empire: Central Eurasia and the Birth of the Classical Age from Persia to China,Christopher I. Beckwith,"Beckwith, Christopher I.",,0691240531,9780691240534,5.0,Princeton University Press,Hardcover,416,2023,2023,2024/02/04,2024/01/19,,,read,,,,1,0
52928789,The Sediments of Time: My Lifelong Search for the Past,Meave Leakey,"Leakey, Meave",Samira Leakey,0358206677,9780358206675,5.0,Houghton Mifflin Harcourt,Hardcover,400,2020,2020,2024/01/19,2024/01/19,,,read,,,,1,0
58990314,"Weavers, Scribes, and Kings: A New History of the Ancient Near East",Amanda H. Podany,"Podany, Amanda H.",,0190059044,9780190059040,5.0,Oxford University Press,Hardcover,662,2022,2022,2023/12/27,2023/12/02,,,read,,,,1,0
60149545,Papyrus: The Invention of Books in the Ancient World,Irene Vallejo,"Vallejo, Irene",Charlotte Whittle,0593318897,9780593318898,5.0,Knopf,Hardcover,464,2022,2019,2023/11/28,2023/11/07,,,read,,,,1,0
34,"The Fellowship of the Ring (The Lord of the Rings, #1)",J.R.R. Tolkien,"Tolkien, J.R.R.","Francis Ledoux, Maria Skibniewska",0618346252,9780618346257,5.0,Houghton Mifflin Harcourt,Paperback,398,2003,1954,2018/01/23,2018/01/15,favorites,favorites (#3),read,,,,1,0
124034693,White Holes,Carlo Rovelli,"Rovelli, Carlo",,,,5.0,Riverhead Books,Hardcover,176,2023,2023,2023/11/11,2023/11/09,,,read,,,,1,0
53916158,Origin: A Genetic History of the Americas,Jennifer Raff,"Raff, Jennifer",,1538749718,9781538749715,5.0,Twelve,Hardcover,368,2022,2022,2023/11/06,2023/11/06,favorites,favorites (#33),read,,,,1,0
45303387,An Elegant Puzzle: Systems of Engineering Management,Will Larson,"Larson, Will",,1953953336,9781953953339,3.0,Stripe Press,Kindle Edition,289,2019,2019,2023/10/12,2023/08/08,,,read,,,,1,0
122858878,"Cave of Bones: A True Story of Discovery, Adventure, and Human Origins",Lee Berger,"Berger, Lee",John Hawks,1426223889,9781426223884,5.0,National Geographic,Hardcover,240,2023,,2023/08/19,2023/08/17,,,read,"There are a lot of assertions made in this book that have massive implications for the field of paleoanthropology and the story of our family tree. Huge if true. This needs a lot of rigorous peer review, but wow. I couldn't put it down.",,,1,0
30988078,Fossil Men: The Quest for the Oldest Skeleton and the Origins of Humankind,Kermit Pattison,"Pattison, Kermit",Roger Wayne,0062660039,9780062660039,4.0,William Morrow,Audiobook,16,2020,2020,2023/08/09,2023/07/31,,,read,,,,1,0
113429,No One Belongs Here More Than You,Miranda July,"July, Miranda",,0743299396,9780743299398,3.0,Scribner,Hardcover,205,2007,2007,2023/07/31,2023/07/26,,,read,,,,1,0
442239,The Republic of Pirates: Being the True and Surprising Story of the Caribbean Pirates and the Man Who Brought Them Down,Colin Woodard,"Woodard, Colin",,0151013020,9780151013029,4.0,Houghton Mifflin Harcourt,Hardcover,383,2007,2007,2023/07/29,2023/07/01,,,read,,,,1,0
37941599,"Kindred: Neanderthal Life, Love, Death and Art",Rebecca Wragg Sykes,"Sykes, Rebecca Wragg",,147293749X,9781472937490,5.0,Bloomsbury,Hardcover,400,2020,2020,2023/07/18,2023/07/01,favorites,favorites (#32),read,,,,1,0
57002292,Ancestors: A History of Britain in Seven Burials,Alice Roberts,"Roberts, Alice",,1471188019,9781471188015,5.0,Simon & Schuster,Hardcover,400,2021,2021,2023/07/01,2023/06/25,favorites,favorites (#31),read,,,,1,0
61153739,Outlive: The Science & Art of Longevity,Peter Attia,"Attia, Peter",Bill Gifford,0593236599,9780593236598,5.0,Harmony,Hardcover,496,2023,2023,2023/06/24,2023/06/24,,,read,,,,1,0
28933454,The Mysterious Etruscans,Steven L. Tuck,"Tuck, Steven L.",,,,5.0,The Great Courses,Audible Audio,13,2016,2016,2023/06/21,2023/06/06,,,read,,,,1,0
2714607,The Ascent of Money: A Financial History of the World,Niall Ferguson,"Ferguson, Niall",,1594201927,9781594201929,4.0,Penguin Press,Hardcover,442,2008,2007,2023/05/02,2023/04/18,,,read,,,,1,0
32758901,"All Systems Red (The Murderbot Diaries, #1)",Martha Wells,"Wells, Martha",,,,4.0,Tor.com,ebook,144,2017,2017,2023/05/02,2023/05/02,,,read,,,,1,0
35074096,"Mythos - The Greek Myths Retold (Stephen Fry's Great Mythology, #1)",Stephen Fry,"Fry, Stephen",,0718188721,9780718188726,4.0,Michael Joseph,Hardcover,416,2017,2017,2023/03/14,2023/03/04,,,read,,,,1,0
7968243,Cleopatra: A Life,Stacy Schiff,"Schiff, Stacy",,0316001929,9780316001922,5.0,"Little, Brown and Company",Hardcover,369,2010,2010,2023/02/28,2023/02/14,,,read,,,,1,0
55711554,"The War That Made the Roman Empire: Antony, Cleopatra, and Octavian at Actium",Barry S. Strauss,"Strauss, Barry S.",,1982116676,9781982116675,4.0,Simon & Schuster,Hardcover,368,2022,2022,2023/02/14,2023/02/11,,,read,,,,1,0
103749,Persian Fire: The First World Empire and the Battle for the West,Tom Holland,"Holland, Tom",,0385513119,9780385513111,5.0,Doubleday,Hardcover,418,2006,2005,2023/02/11,2022/11/24,,,read,,,,1,0
50358103,Money: The True Story of a Made-Up Thing,Jacob Goldstein,"Goldstein, Jacob",,031641719X,9780316417198,5.0,Grand Central Publishing,Hardcover,272,2020,2020,2023/02/02,2023/01/24,,,read,,,,1,0
35167685,"""Surely You're Joking, Mr. Feynman!"": Adventures of a Curious Character",Richard P. Feynman,"Feynman, Richard P.","Ralph Leighton, Edward Hutchings, Bill Gates",0393355624,9780393355628,0,W. W. Norton & Company,Paperback,400,2018,1985,,2023/01/24,to-read,to-read (#2),to-read,,,,0,0
6617037,"Debt: The First 5,000 Years",David Graeber,"Graeber, David",,1933633867,9781933633862,4.0,Melville House,Hardcover,534,2011,2011,2023/01/24,2022/11/24,,,read,,,,1,0
59696349,Build: An Unorthodox Guide to Making Things Worth Making,Tony Fadell,"Fadell, Tony",,1787634116,9781787634114,5.0,Bantam Press,Paperback,416,2022,,2023/01/12,2023/01/04,,,read,,,,1,0
53232138,Rome Is Burning: Nero and the Fire That Ended a Dynasty (Turning Points in Ancient History),Anthony A. Barrett,"Barrett, Anthony A.",,0691172315,9780691172316,4.0,Princeton University Press,Hardcover,348,2020,2020,2022/12/12,2022/12/12,,,read,,,,1,0
39943621,"Fire & Blood (A Targaryen History, #1)",George R.R. Martin,"Martin, George R.R.",Doug Wheatley,152479628X,9781524796280,4.0,Random House Worlds,Hardcover,706,2018,2018,2018/12/03,2018/10/03,,,read,,,,2,0
29901930,The Fisherman,John  Langan,"Langan, John",,1939905214,9781939905215,3.0,Word Horde,Paperback,266,2016,2016,2022/11/17,2022/10/25,,,read,,,,1,0
51075444,Thebes: Narrative history reviving the forgotten glory of ancient Thebes.,Paul Cartledge,"Cartledge, Paul",,1468316060,9781468316063,4.0,Harry N. Abrams,Hardcover,336,2020,2020,2022/11/06,2022/10/25,,,read,,,,1,0
60177373,Fairy Tale,Stephen  King,"King, Stephen",,1668002175,9781668002179,5.0,Scribner,Hardcover,607,2022,2022,2022/10/25,2022/10/25,,,read,,,,1,0
56269264,The Dawn of Everything: A New History of Humanity,David Graeber,"Graeber, David",David Wengrow,0374157359,9780374157357,4.0,"Farrar, Straus and Giroux",Hardcover,692,2021,2021,2022/10/11,2022/09/26,,,read,,,,1,0
58988671,In the Shadow of the Gods: The Emperor in World History,Dominic Lieven,"Lieven, Dominic",,0735222193,9780735222199,4.0,Viking,Hardcover,528,2022,,2022/09/26,2022/09/23,,,read,,,,1,0
91017,Rubicon: The Last Years of the Roman Republic,Tom Holland,"Holland, Tom",,1400078970,9781400078974,5.0,Anchor Books,Paperback,408,2005,2003,2022/09/25,2022/09/23,,,read,,,,1,0
25526965,"End of Watch (Bill Hodges Trilogy, #3)",Stephen  King,"King, Stephen",,1501129740,9781501129742,4.0,Scribner,Hardcover,432,2016,2016,2022/06/21,2022/06/12,,,read,,,,1,0
36130437,Memory's Legion,James S.A. Corey,"Corey, James S.A.",,,,4.0,,Paperback,423,2022,2022,2022/06/12,2022/05/27,,,read,,,,1,0
23492589,"Finders Keepers (Bill Hodges Trilogy, #2)",Stephen  King,"King, Stephen",,1501100076,9781501100079,5.0,Scribner,Hardcover,434,2015,2015,2022/06/07,2022/06/06,,,read,,,,1,0
7669,Timeline,Michael Crichton,"Crichton, Michael",,0099244721,9780099244721,5.0,Arrow Books,Mass Market Paperback,489,2000,1999,2022/05/27,2022/05/25,favorites,favorites (#30),read,,,,1,0
40604658,"Jurassic Park (Jurassic Park, #1)",Michael Crichton,"Crichton, Michael",,0307763056,9780307763051,5.0,Ballantine Books,Kindle Edition,466,2012,1990,2022/05/19,2022/05/13,,,read,,,,1,0
16902,"Walden or, Life in the Woods",Henry David Thoreau,"Thoreau, Henry David",Bill McKibben,,,5.0,Princeton University Press,Paperback,352,2004,1854,2022/05/13,2022/04/30,favorites,favorites (#29),read,,,,1,0
40718726,Genghis Khan and the Making of the Modern World,Jack Weatherford,"Weatherford, Jack",,,,5.0,Broadway Books,Kindle Edition,352,2018,2004,2022/05/08,2022/04/30,,,read,,,,1,0
153025,Heart-Shaped Box,Joe  Hill,"Hill, Joe",,0061147931,9780061147937,5.0,William Morrow,Hardcover,376,2007,2007,2022/04/23,2021/01/20,,,read,,,,1,0
35820656,"Only Human (Themis Files, #3)",Sylvain Neuvel,"Neuvel, Sylvain",,0399180117,9780399180118,3.0,Del Rey Books,Hardcover,336,2018,2018,2022/04/18,2022/04/18,,,read,,,,1,0
30134847,"Waking Gods (Themis Files, #2)",Sylvain Neuvel,"Neuvel, Sylvain",,1101886722,9781101886724,4.0, Del Rey,Hardcover,336,2017,2017,2022/04/13,2022/04/11,,,read,,,,1,0
25733990,"Sleeping Giants (Themis Files, #1)",Sylvain Neuvel,"Neuvel, Sylvain",,1101886692,9781101886694,5.0,Del Rey,Hardcover,320,2016,2016,2022/04/11,2022/03/29,,,read,,,,1,0
8675283,Vanished Kingdoms: The History of Half-Forgotten Europe,Norman Davies,"Davies, Norman",,1846143381,9781846143380,4.0,Allen Lane,Hardcover,789,2011,2011,2022/03/29,2022/03/08,,,read,,,,1,0
8617614,Babylon: Mesopotamia and the Birth of Civilization,Paul Kriwaczek,"Kriwaczek, Paul",,1848871562,9781848871564,4.0,Atlantic Books,Hardcover,310,2010,2010,2022/03/12,2022/02/27,,,read,,,,1,0
670089,The Fourth Turning: An American Prophecy—What the Cycles of History Tell Us About America's Next Rendezvous with Destiny,William Strauss,"Strauss, William",Neil Howe,0767900464,9780767900461,3.0,Crown,Paperback,401,1997,1996,2022/03/03,2022/02/13,,,read,,,,1,0
18730589,1177 B.C.: The Year Civilization Collapsed,Eric H. Cline,"Cline, Eric H.",Barry S. Strauss,0691140898,9780691140896,4.0,Princeton University Press,Hardcover,264,2014,2014,2022/02/22,2022/02/18,,,read,,,,1,0
53054822,The Habsburgs: To Rule the World,Martyn Rady,"Rady, Martyn",,1541644506,9781541644502,4.0,Basic Books,Hardcover,416,2020,2020,2022/02/13,2022/02/07,,,read,,,,1,0
32784222,Demystifying Public Speaking,Lara   Hogan,"Hogan, Lara",,1937557529,9781937557522,4.0,A Book Apart,Paperback,83,2016,,2022/02/07,2022/01/21,,,read,,,,1,0
64948,Whispers,Dean Koontz,"Koontz, Dean",,042520992X,9780425209929,4.0,Berkley,Paperback,464,2006,1980,2022/01/30,2022/01/24,,,read,,,,1,0
3328218,The Story of Human Language,John McWhorter,"McWhorter, John",,1565859472,9781565859470,4.0,Teaching Company,Audio CD,19,2004,2004,2022/01/23,2021/11/28,,,read,,,,1,0
56481725,Staff Engineer: Leadership Beyond the Management Track,Will Larson,"Larson, Will",Tanya Reilly,1736417908,,5.0,Will Larson,Kindle Edition,337,2021,,2022/01/17,2022/01/12,,,read,,,,1,0
43230718,Alexander the Great: His Life and His Mysterious Death,Anthony Everitt,"Everitt, Anthony",,0425286525,9780425286524,4.0,Random House,Hardcover,496,2019,2019,2022/01/12,2021/12/29,,,read,,,,1,0
43868109,Empire of Pain: The Secret History of the Sackler Dynasty,Patrick Radden Keefe,"Keefe, Patrick Radden",,0385545681,9780385545686,5.0,Doubleday,Hardcover,535,2021,2021,2021/12/29,2021/12/19,,,read,,,,1,0
28335699,"Leviathan Falls (The Expanse, #9)",James S.A. Corey,"Corey, James S.A.",,0356510395,9780356510392,4.0,Orbit ,Hardcover,528,2022,2021,2021/12/19,2021/11/30,,,read,,,,1,0
26889576,The Big Short: Inside the Doomsday Machine,Michael   Lewis,"Lewis, Michael",,039335315X,9780393353150,5.0,W. W. Norton & Company,Paperback,291,2015,2010,2021/11/22,2021/11/22,,,read,,,,1,0
15811559,The Plantagenets: The Warrior Kings and Queens Who Made England,Dan Jones,"Jones, Dan",,0670026654,9780670026654,4.0,Viking,Hardcover,517,2013,2012,2021/11/17,2021/11/09,,,read,,,,1,0
34184069,The Storm Before the Storm: The Beginning of the End of the Roman Republic,Mike     Duncan,"Duncan, Mike",,1610397215,9781610397216,5.0,PublicAffairs,Hardcover,327,2017,2017,2021/11/01,2021/10/30,,,read,,,,1,0
27833670,Dark Matter,Blake Crouch,"Crouch, Blake",,1101904224,9781101904220,5.0,Ballantine Books,Hardcover,342,2016,2016,2017/03/26,2017/01/17,,,read,,,,2,0
19581,Ghost Story,Peter Straub,"Straub, Peter",,0671685635,9780671685638,3.0,"Pocket Books / Simon & Schuster, Inc.",Mass Market Paperback,567,1989,1979,2021/10/20,2021/10/06,,,read,,,,1,0
32260,Gravity,Tess Gerritsen,"Gerritsen, Tess",,0006513085,9780006513087,4.0,Pocket Books,Paperback,342,2000,1999,2021/10/16,2021/10/15,,,read,,,,1,0
33369254,The Manager's Path: A Guide for Tech Leaders Navigating Growth and Change,Camille Fournier,"Fournier, Camille",,1491973897,9781491973899,5.0,O'Reilly Media,Paperback,226,2017,2017,2021/10/06,2020/10/28,,,read,,,,1,0
149267,The Stand,Stephen  King,"King, Stephen",Bernie Wrightson,,,4.0,Doubleday Books,Hardcover,1152,1990,1978,2021/10/04,2021/09/29,,,read,,,,1,0
25499718,"Children of Time (Children of Time, #1)",Adrian Tchaikovsky,"Tchaikovsky, Adrian",,1447273281,9781447273288,3.0,PanMacmillan,Hardcover,600,2015,2015,2021/08/28,2021/01/20,,,read,,,,1,0
43615,"The Gunslinger (The Dark Tower, #1)",Stephen  King,"King, Stephen",,,,4.0,Plume,Paperback,231,2003,1982,2021/08/19,2021/08/10,,,read,,,,1,0
49825416,The Plant-Based Cyclist,Nigel Mitchell,"Mitchell, Nigel",,1527249247,9781527249240,3.0,Global Cycling Network,Paperback,244,2019,,2021/08/06,2021/07/03,,,read,,,,1,0
42046112,Recursion,Blake Crouch,"Crouch, Blake",,1524759783,9781524759780,4.0,Crown,Hardcover,329,2019,2019,2021/08/06,2021/08/06,,,read,,,,1,0
23425,Status Anxiety (Vintage International),Alain de Botton,"Botton, Alain de",,0375725350,9780375725357,4.0,Vintage,Paperback,306,2005,2004,2021/07/06,2021/07/04,,,read,,,,1,0
41721428,Can't Hurt Me: Master Your Mind and Defy the Odds,David Goggins,"Goggins, David",,1544512260,,3.0,Lioncrest Publishing,Kindle Edition,366,2018,2018,2021/07/04,2021/07/03,,,read,,,,1,0
38530946,The Incomplete Book of Running,Peter Sagal,"Sagal, Peter",,1451696248,9781451696240,5.0,Simon & Schuster,Hardcover,197,2018,2018,2019/08/03,2019/08/01,,,read,,,,2,0
54968118,"The Code Breaker: Jennifer Doudna, Gene Editing, and the Future of the Human Race",Walter Isaacson,"Isaacson, Walter",,1982115858,9781982115852,5.0,Simon & Schuster,Hardcover,536,2021,2021,2021/06/10,2020/12/20,,,read,,,,1,0
35133922,Educated,Tara Westover,"Westover, Tara",,0399590501,9780399590504,4.0,Random House,Hardcover,352,2018,2018,2021/05/29,2019/07/02,,,read,,,,1,0
54798175,Later,Stephen  King,"King, Stephen",,,,4.0,Hard Case Crime,Kindle Edition,248,2021,2021,2021/05/18,2021/05/17,,,read,,,,1,0
54493401,Project Hail Mary,Andy Weir,"Weir, Andy",,0593135202,9780593135204,5.0,Ballantine Books,Hardcover,476,2021,2021,2021/05/13,2021/02/08,favorites,favorites (#28),read,,,,1,0
23168817,"The Dark Forest (Remembrance of Earth’s Past, #2)",Liu Cixin,"Cixin, Liu",Joel Martinsen,,,4.0,Tor Books,Hardcover,512,2015,2008,2021/05/10,2020/06/29,,,read,,,,1,0
13589182,Mastery,Robert Greene,"Greene, Robert",,0670024961,9780670024964,5.0,Viking,Hardcover,318,2012,2012,2019/05/14,2019/05/07,favorites,favorites (#20),read,,,,2,0
1303,The 48 Laws of Power,Robert Greene,"Greene, Robert",,0140280197,9780140280197,5.0,Penguin Books,Paperback,452,2000,1999,2021/04/15,2019/07/02,,,read,,,,1,0
22512931,Building Microservices: Designing Fine-Grained Systems,Sam Newman,"Newman, Sam",,1491950358,9781491950357,3.0,O'Reilly Media,Paperback,473,2015,2014,2021/04/12,2020/12/14,,,read,,,,1,0
28335698,"Tiamat's Wrath (The Expanse, #8)",James S.A. Corey,"Corey, James S.A.",,0316332879,9780316332873,5.0,Orbit Books,Hardcover,534,2019,2019,2021/02/23,2021/01/20,,,read,,,,1,0
11590,’Salem’s Lot,Stephen  King,"King, Stephen",,0450031063,9780450031069,5.0,New English Library,Paperback,483,1991,1975,2019/04/22,2019/04/22,,,read,,,,2,0
10569,On Writing: A Memoir of the Craft,Stephen  King,"King, Stephen",,0743455967,9780743455961,5.0,Pocket Books,Mass Market Paperback,320,2002,2002,2019/04/01,2019/03/28,,,read,,,,2,0
55361205,A Promised Land,Barack Obama,"Obama, Barack",,1524763187,9781524763183,5.0,Crown,Kindle Edition,768,2020,2020,2021/01/18,2021/01/09,,,read,,,,1,0
28335696,"Persepolis Rising (The Expanse, #7)",James S.A. Corey,"Corey, James S.A.",,0316332828,9780316332828,4.0,Orbit Books,Kindle Edition,608,2017,2017,2021/01/12,2021/01/09,,,read,,,,1,0
204567,"The Expectant Father: Facts, Tips and Advice for Dads-to-Be",Armin A. Brott,"Brott, Armin A.",Jennifer Ash,0789205386,9780789205384,4.0,Abbeville Press,Paperback,271,2001,1995,2020/12/13,2020/07/31,,,read,,,,1,0
40102,Blink: The Power of Thinking Without Thinking,Malcolm Gladwell,"Gladwell, Malcolm","Irina Henegar, Barry Fox",0316010669,9780316010665,5.0,Back Bay Books,Paperback,296,2007,2005,2020/10/29,2020/10/18,,,read,,,,1,0
25109947,"Lovecraft Country (Lovecraft Country, #1)",Matt Ruff,"Ruff, Matt",,,,3.0,Harper,ebook,400,2016,2016,2020/09/22,2020/09/06,,,read,,,,1,0
18775247,Mr. Mercedes (Bill Hodges #1),Stephen  King,"King, Stephen",,1476754454,9781476754451,4.0,Scribner,Hardcover,437,2014,2014,2020/08/27,2020/08/15,,,read,,,,1,0
25877663,"Babylon’s Ashes (The Expanse, #6)",James S.A. Corey,"Corey, James S.A.",,0356504263,9780356504261,4.0,Orbit,Hardcover,532,2016,2016,2020/08/15,2020/08/06,,,read,,,,1,0
18667754,From Dude to Dad: The Diaper Dude Guide to Pregnancy,Chris Pegula,"Pegula, Chris",Frank Meyer,0399166262,9780399166266,3.0,Tarcher,Paperback,224,2014,2014,2020/08/12,2020/07/31,,,read,,,,1,0
22886612,"Nemesis Games (The Expanse, #5)",James S.A. Corey,"Corey, James S.A.",,031621759X,9780316217590,4.0,Orbit,Kindle Edition,536,2015,2015,2020/08/06,2020/07/31,,,read,,,,1,0
45706883,The Other People,C.J. Tudor,"Tudor, C.J.",,1984824996,9781984824998,5.0,Ballantine Books,Hardcover,327,2020,2020,2020/08/02,2020/08/01,,,read,,,,1,0
45754167,If It Bleeds (Holly Gibney #2),Stephen  King,"King, Stephen",,,,4.0,Hodder & Stoughton,Paperback,447,2020,2020,2020/07/23,2020/05/02,,,read,,,,1,0
4069,Man's Search for Meaning,Viktor E. Frankl,"Frankl, Viktor E.","Ilse Lasch, William J. Winslade, Harold S. Kushner",080701429X,9780807014295,4.0,Beacon Press,Paperback,165,2006,1946,2020/07/18,2020/01/27,,,read,,,,1,0
43582733,Stillness Is the Key,Ryan Holiday,"Holiday, Ryan",,0525538585,9780525538585,4.0,Portfolio,Hardcover,288,2019,2019,2020/07/15,2020/06/30,,,read,,,,1,0
49003616,"A Beautifully Foolish Endeavor (The Carls, #2)",Hank Green,"Green, Hank",,152474347X,9781524743475,5.0,Dutton,Hardcover,452,2020,2020,2020/07/13,2020/07/13,,,read,,,,1,0
16130549,"Doctor Sleep (The Shining, #2)",Stephen  King,"King, Stephen",,1476727651,9781476727653,4.0,Scribner,Hardcover,531,2013,2013,2020/07/06,2020/07/04,,,read,,,,1,0
20518872,"The Three-Body Problem (Remembrance of Earth’s Past, #1)",Liu Cixin,"Cixin, Liu",Ken Liu,,,5.0,Tor Books,Hardcover,472,2014,2006,2020/06/29,2020/06/07,favorites,favorites (#27),read,,,,1,0
17934530,"Annihilation (Southern Reach, #1)",Jeff Vandermeer,"Vandermeer, Jeff",,0374104093,9780374104092,3.0,"Farrar, Straus and Giroux",Paperback,195,2014,2014,2020/06/25,2020/06/20,,,read,,,,1,0
361148,"True Story: Murder, Memoir, Mea Culpa",Michael Finkel,"Finkel, Michael",,006058047X,9780060580476,4.0,HarperCollins,Hardcover,312,2005,2005,2020/06/20,2020/06/20,,,read,,,,1,0
30687200,The Stranger in the Woods: The Extraordinary Story of the Last True Hermit,Michael Finkel,"Finkel, Michael",Mark Bramhall,1101924926,9781101924921,5.0,Books on Tape,Audio CD,209,2017,2017,2020/06/07,2020/06/07,,,read,,,,1,0
15803137,A Grand Complication: The Race to Build the World's Most Legendary Watch,Stacy Perman,"Perman, Stacy",,1439190089,9781439190081,4.0,Atria Books,Hardcover,352,2013,2013,2020/04/05,2019/09/23,,,read,,,,1,0
52036,Siddhartha,Hermann Hesse,"Hesse, Hermann",Hilda Rosner,,,5.0,Bantam Books,Mass Market Paperback,152,1981,1922,2020/04/01,2020/03/28,favorites,favorites (#26),read,,,,1,0
1319,The War of Art,Steven Pressfield,"Pressfield, Steven",Robert McKee,,,4.0,Warner Books,Paperback,168,2003,2002,2020/03/28,2020/03/28,,,read,,,,1,0
18765,"I, Claudius (Claudius, #1)",Robert Graves,"Graves, Robert",,067972477X,9780679724773,3.0,Vintage,Paperback,469,1989,1934,2020/03/25,2020/03/14,,,read,,,,1,0
36124936,"The Outsider (Holly Gibney, #1)",Stephen  King,"King, Stephen",,1501180983,9781501180989,5.0,Scribner,Hardcover,561,2018,2018,2018/10/01,2018/09/24,,,read,,,,2,0
55151,The Fall of Carthage: The Punic Wars 265–146 BC,Adrian Goldsworthy,"Goldsworthy, Adrian",,0304366420,9780304366422,4.0,Orion Publishing Co.,Paperback,416,2007,2000,2020/03/01,2020/02/20,,,read,,,,1,0
37905008,The Enchiridion,Epictetus,"Epictetus, Epictetus",,,,5.0,,Kindle Edition,63,2017,125,2019/07/12,2019/07/02,,,read,,,,1,0
31138556,Homo Deus: A History of Tomorrow,Yuval Noah Harari,"Harari, Yuval Noah",,,,5.0,Harper,ebook,450,2017,2015,2020/02/20,2020/02/16,,,read,,,,1,0
18656030,"Cibola Burn (The Expanse, #4)",James S.A. Corey,"Corey, James S.A.",,,,4.0,Orbit,Hardcover,581,2014,2014,2020/02/09,2020/02/03,,,read,,,,1,0
38820046,21 Lessons for the 21st Century,Yuval Noah Harari,"Harari, Yuval Noah",,0525512179,9780525512172,4.0,Random House,Hardcover,372,2018,2018,2020/01/26,2020/01/24,,,read,,,,1,0
43848929,Talking to Strangers: What We Should Know About the People We Don't Know,Malcolm Gladwell,"Gladwell, Malcolm",,0316478520,9780316478526,4.0,"Little, Brown and Company",Hardcover,388,2019,2019,2020/01/06,2019/12/28,,,read,,,,1,0
41160292,Exhalation,Ted Chiang,"Chiang, Ted",,,,4.0,Knopf,ebook,368,2019,2019,2020/01/02,2019/12/30,,,read,,,,1,0
36613747,How to Change Your Mind: The New Science of Psychedelics,Michael Pollan,"Pollan, Michael",,0241294223,9780241294222,4.0,ALLEN LANE,Hardcover,480,2018,2018,2019/12/30,2019/10/13,,,read,,,,1,0
39725381,The Beauty of Time,François Chaille,"Chaille, François",Dominique Flechon,208020341X,9782080203410,5.0, Flammarion,Hardcover,280,2018,,2019/12/28,2019/12/24,,,read,"This one was truly a delight. If you interested in the history of art, timekeeping, and where they intersect you should add this book to your reading list. The level of detail the authors go into is phenomenal. As a plus it's also filled with beautiful photographs of historical timepieces, art, and pieces that blur the lines between the two. Highly recommended.",,,1,0
23692271,Sapiens: A Brief History of Humankind,Yuval Noah Harari,"Harari, Yuval Noah",,,,5.0,Vintage,Paperback,512,2015,2011,2019/12/11,2019/12/04,favorites,favorites (#25),read,,,,1,0
18047895,The Theory of Horology,Charles-André Reymondin,"Reymondin, Charles-André","Georges Monnier, Didier Jeanneret, Umberto Pelaratti",2940025126,9782940025121,0,The Technical College of the Vallee De Joux,Hardcover,368,2003,2003,2019/12/04,2019/09/23,,,read,,,,1,0
11588,"The Shining (The Shining, #1)",Stephen  King,"King, Stephen",,0450040186,9780450040184,4.0,New English Library,Mass Market Paperback,497,1980,1977,2019/11/22,2018/10/03,,,read,,,,1,0
17333223,The Goldfinch,Donna Tartt,"Tartt, Donna",,0316055433,9780316055437,5.0,"Little, Brown",Hardcover,771,2013,2013,2019/11/14,2019/11/12,favorites,favorites (#24),read,,,,1,0
40651883,Snow Crash,Neal Stephenson,"Stephenson, Neal",,,,3.0,Spectra,Kindle Edition,559,2018,1992,2019/10/13,2018/10/03,,,read,,,,1,0
46223297,Permanent Record,Edward Snowden,"Snowden, Edward",,1250237238,9781250237231,5.0,Metropolitan Books,Hardcover,339,2019,2019,2019/09/28,2019/09/23,favorites,favorites (#23),read,,,,1,0
16433,"Forever Odd (Odd Thomas, #2)",Dean Koontz,"Koontz, Dean",,0553588265,9780553588262,4.0,Bantam Books,Paperback,364,2006,2005,2019/09/19,2019/09/19,,,read,,,,1,0
43798285,The Institute,Stephen  King,"King, Stephen",,,,5.0,Scribner,Hardcover,561,2019,2019,2019/09/15,2019/09/11,favorites,favorites (#22),read,,,,1,0
14995,"Odd Thomas (Odd Thomas, #1)",Dean Koontz,"Koontz, Dean",,0553384287,9780553384284,5.0,Bantam,Paperback,446,2006,2003,2019/09/11,2019/09/07,favorites,favorites (#21),read,,,,1,0
22928952,The Mindful Athlete: Secrets to Pure Performance,George Mumford,"Mumford, George",,1941529062,9781941529065,5.0,Parallax Press,Hardcover,256,2015,2015,2019/09/06,2019/08/07,,,read,,,,1,0
34312336,The Templars: The Rise and Spectacular Fall of God's Holy Warriors,Dan Jones,"Jones, Dan",,0525428305,9780525428305,4.0,Viking,Hardcover,448,2017,2017,2019/09/04,2018/08/27,,,read,,,,1,0
41014339,"Endure: Mind, Body, and the Curiously Elastic Limits of Human Performance",Alex  Hutchinson,"Hutchinson, Alex",,,,5.0,Custom House,Kindle Edition,333,2018,2018,2019/09/04,2019/08/14,,,read,,,,1,0
35356382,The Chalk Man,C.J. Tudor,"Tudor, C.J.",,1524760986,9781524760984,4.0,Crown,Hardcover,280,2018,2018,2019/09/02,2019/08/31,,,read,,,,1,0
169762,"The Pox Party (The Astonishing Life of Octavian Nothing, Traitor to the Nation, #1)",M.T. Anderson,"Anderson, M.T.",,0763624020,9780763624026,4.0,Candlewick Press,Hardcover,368,2006,2006,2019/08/31,2019/08/14,,,read,,,,1,0
41824495,"Fall; or, Dodge in Hell",Neal Stephenson,"Stephenson, Neal",,006245871X,9780062458711,3.0,William Morrow,Hardcover,883,2019,2019,2019/08/11,2019/03/15,,,read,,,,1,0
40121378,Atomic Habits: An Easy & Proven Way to Build Good Habits & Break Bad Ones,James Clear,"Clear, James",,,,4.0,Avery,Kindle Edition,319,2018,2018,2019/08/06,2019/08/05,,,read,,,,1,0
16131032,"Abaddon’s Gate (The Expanse, #3)",James S.A. Corey,"Corey, James S.A.",,,,5.0,Orbit,Paperback,539,2013,2013,2019/07/19,2019/07/19,,,read,,,,1,0
12591698,"Caliban’s War (The Expanse, #2)",James S.A. Corey,"Corey, James S.A.",,1841499900,9781841499901,5.0,"Orbit/Little, Brown Book Group",Paperback,624,2012,2012,2019/07/13,2019/06/23,,,read,,,,1,0
97412,On the Shortness of Life: Life Is Long if You Know How to Use It (Penguin Great Ideas),Seneca,"Seneca, Seneca",C.D.N. Costa,0143036327,9780143036326,0,Penguin Books,Paperback,106,2005,49,,2019/07/02,to-read,to-read (#1),to-read,,,,0,0
39863499,How to Think Like a Roman Emperor: The Stoic Philosophy of Marcus Aurelius,Donald J. Robertson,"Robertson, Donald J.",,,,4.0,St. Martin's Press,Hardcover,304,2019,2019,2019/06/23,2019/06/04,,,read,,,,1,0
8855321,Leviathan Wakes,James S.A. Corey,"Corey, James S.A.",,1841499889,9781841499888,5.0,Orbit,Paperback,561,2011,2011,2019/06/20,2019/06/17,,,read,,,,1,0
119322,"The Golden Compass (His Dark Materials, #1)",Philip Pullman,"Pullman, Philip",,0679879242,9780679879244,4.0,RANDOM HOUSE TRADE,Hardcover,399,1996,1995,2019/06/04,2019/05/31,,,read,,,,1,0
3974,The Terror,Dan Simmons,"Simmons, Dan",,0316017442,9780316017442,4.0,"Little, Brown and Company",Hardcover,835,2007,2007,2019/05/28,2019/03/04,,,read,,,,1,0
25915488,A Guide to Complicated Watches,François LeCoultre,"LeCoultre, François",,288175001X,9782881750014,4.0,Antoine Simonin,Hardcover,0,2004,,2019/05/14,2019/04/22,,,read,,,,1,0
38743564,"Billion Dollar Whale: The Man Who Fooled Wall Street, Hollywood, and the World",Tom         Wright,"Wright, Tom",Bradley Hope,031643650X,9780316436502,4.0,Hachette Books,Hardcover,400,2018,2018,2019/05/07,2019/05/05,,,read,,,,1,0
17245,Dracula,Bram Stoker,"Stoker, Bram","David J. Skal, Nina Auerbach, Rubén Toledo",0393970124,9780393970128,5.0,Norton,Paperback,488,1986,1897,2019/04/13,2019/04/12,,,read,,,,1,0
17345242,The World of Ice & Fire: The Untold History of Westeros and the Game of Thrones,George R.R. Martin,"Martin, George R.R.","Elio M. García Jr., Linda Antonsson",0553805444,9780553805444,5.0,Random House Worlds,Hardcover,326,2014,2014,2019/04/12,2018/10/03,,,read,,,,1,0
11573,The Dead Zone,Stephen  King,"King, Stephen",,,,4.0,Signet/New American Library,Mass Market Paperback,402,1980,1979,2019/04/10,2019/04/01,,,read,,,,1,0
33124137,Pet Sematary,Stephen  King,"King, Stephen",,,,5.0,Scribner,Kindle Edition,580,2014,1983,2019/03/27,2019/03/25,favorites,favorites (#19),read,,,,1,0
205589,First Man: The Life of Neil A. Armstrong,James R. Hansen,"Hansen, James R.",,0743257510,9780743257510,5.0,Simon & Schuster,Paperback,784,2006,2005,2019/03/24,2019/03/20,favorites,favorites (#18),read,,,,1,0
7332,The Silmarillion,J.R.R. Tolkien,"Tolkien, J.R.R.","Christopher Tolkien, Ted Nasmith",0618391118,9780618391110,5.0,Houghton Mifflin Company,Hardcover,386,2004,1977,2019/03/16,2014/02/22,,,read,,,,1,0
37886498,The Practicing Stoic,Ward Farnsworth,"Farnsworth, Ward",,1567926118,9781567926118,4.0,"David R. Godine, Publisher",Hardcover,292,2018,2018,2019/02/26,2019/02/04,,,read,,,,1,0
18668059,The Obstacle Is the Way: The Timeless Art of Turning Trials into Triumph,Ryan Holiday,"Holiday, Ryan",,1591846358,9781591846352,5.0,Portfolio,Hardcover,201,2014,2014,2019/02/08,2019/02/04,,,read,,,,1,0
40792913,"Altered Carbon (Takeshi Kovacs, #1)",Richard K. Morgan,"Morgan, Richard K.",,,,4.0,Del Rey,Kindle Edition,544,2018,2002,2019/02/04,2018/12/21,,,read,,,,1,0
25923489,Breguet: Art and Innovation In Watchmaking,Emmanuel Breguet,"Breguet, Emmanuel",Martin Chapman,3791354671,9783791354675,5.0,Prestel,Hardcover,176,2015,2015,2019/01/07,2018/08/27,,,read,,,,1,0
7234072,Masters of Contemporary Watchmaking,Michael Clerizo,"Clerizo, Michael",,0500514852,9780500514856,5.0,Thames & Hudson,Hardcover,292,2009,2009,2019/01/07,2018/08/27,,,read,,,,1,0
5907,"The Hobbit, or There and Back Again",J.R.R. Tolkien,"Tolkien, J.R.R.","Douglas A. Anderson, Michael Hague, Jemima Catlin",,,4.0,Houghton Mifflin,Paperback,366,2002,1937,2018/12/28,2014/02/22,,,read,,,,1,0
57936,Seven Pillars of Wisdom: A Triumph,T.E. Lawrence,"Lawrence, T.E.",,0385418957,9780385418959,4.0,Anchor,Paperback,784,1991,1926,2018/12/28,2018/09/26,,,read,,,,1,0
377965,The History of the Decline and Fall of the Roman Empire Volume I,Edward Gibbon,"Gibbon, Edward",David P. Womersley,0140433937,9780140433937,5.0,Penguin Classics,Paperback,1114,1996,1776,2018/12/28,2018/10/10,,,read,,,,1,0
36260417,Creative Quest,Ahmir Thompson,"Thompson, Ahmir",,0062670557,9780062670557,5.0,Ecco,Hardcover,288,2018,2018,2018/12/21,2018/12/06,,,read,,,,1,0
37976541,Bad Blood: Secrets and Lies in a Silicon Valley Startup,John Carreyrou,"Carreyrou, John",,,,4.0,Knopf,Hardcover,339,2018,2018,2018/12/11,2018/12/06,,,read,,,,1,0
816,Cryptonomicon,Neal Stephenson,"Stephenson, Neal",,,,4.0,Avon,Mass Market Paperback,1152,2002,1999,2018/12/06,2018/09/14,,,read,,,,1,0
39713508,"The Watch, Thoroughly Revised: The Art and Craft of Watchmaking",Gene  Stone,"Stone, Gene",Stephen Pulvirent,1683353358,9781683353355,5.0,Abrams Books,Kindle Edition,1101,2018,2006,2018/12/02,2018/12/02,,,read,,,,1,0
89717,The Haunting of Hill House,Shirley Jackson,"Jackson, Shirley",Laura Miller,0143039989,9780143039983,3.0,Penguin Classics,Paperback,182,2006,1959,2018/11/01,2018/10/31,,,read,,,,1,0
3135895,Watching the Watchmen: The Definitive Companion to the Ultimate Graphic Novel,Dave Gibbons,"Gibbons, Dave",,1848560419,9781848560413,5.0,Titan Books,Hardcover,256,2008,2008,2018/10/31,2018/10/31,,,read,,,,1,0
17316544,Remote: Office Not Required,Jason Fried,"Fried, Jason",David Heinemeier Hansson,0804137501,9780804137508,4.0,Crown Currency,Hardcover,256,2013,2013,2018/10/24,2018/10/24,,,read,,,,1,0
41484912,"Good Omens: The Nice and Accurate Prophecies of Agnes Nutter, Witch",Terry Pratchett,"Pratchett, Terry",Neil Gaiman,,,4.0,Harper Audio,Audible Audio,13,2009,1990,2018/09/05,2018/09/01,,,read,,,,1,0
35068360,Paul: A Biography,N.T. Wright,"Wright, N.T.",,0062198270,9780062198273,4.0,HarperOne,ebook,480,2018,2018,2018/10/20,2018/09/05,,,read,,,,1,0
34536546,Principles: Life and Work,Ray Dalio,"Dalio, Ray",,1501124021,9781501124020,4.0,Avid Reader Press / Simon & Schuster,Hardcover,592,2017,2017,2018/09/09,2017/12/04,,,read,,,,1,0
13087982,"A Dance with Dragons (A Song of Ice and Fire, #5)",George R.R. Martin,"Martin, George R.R.",,,,5.0,Random House Worlds,Mass Market Paperback,1123,2013,2011,2018/07/30,2014/02/22,favorites,favorites (#16),read,,,,1,0
13253102,"A Storm of Swords (A Song of Ice and Fire, #3)",George R.R. Martin,"Martin, George R.R.",,,,4.0,Bantam Books,Mass Market Paperback,1177,2011,2000,2018/03/27,2017/12/26,,,read,,,,1,0
28286020,Secrets of Sleep Science: From Dreams to Disorders,H. Craig Heller,"Heller, H. Craig",,159803913X,9781598039139,4.0,The Great Courses Teaching Company,Audio CD,0,2013,2013,2018/10/14,2018/10/06,,,read,,,,1,0
6518085,Pro Git (Expert's Voice in Software Development),Scott Chacon,"Chacon, Scott",,1430218339,9781430218333,4.0,Apress,Paperback,290,2009,2009,2018/10/10,2018/10/04,,,read,,,,1,0
39728539,"An Absolutely Remarkable Thing (The Carls, #1)",Hank Green,"Green, Hank",,1524744123,9781524744120,4.0,E P Dutton,Hardcover,343,2018,2018,2018/10/03,2018/09/26,,,read,,,,1,0
1168191,Meditations,Marcus Aurelius,"Aurelius, Marcus",Gregory Hays,0812968255,9780812968255,4.0,Modern Library,Paperback,256,2003,180,2018/10/03,2018/05/20,,,read,,,,1,0
36361178,A Man & His Watch: Iconic Watches and Stories from the Men Who Wore Them (A Man & His Series Book 1),Matt Hranek,"Hranek, Matt",,,,5.0,Artisan,Kindle Edition,217,2017,,2018/09/25,2018/09/25,,,read,,,,1,0
41012533,Fear: Trump in the White House,Bob Woodward,"Woodward, Bob",,1501175513,9781501175510,5.0,Simon & Schuster,Hardcover,448,2018,2018,2018/09/14,2018/09/11,,,read,,,,1,0
37638098,Creative Selection: Inside Apple's Design Process During the Golden Age of Steve Jobs,Ken Kocienda,"Kocienda, Ken",,1250194466,9781250194466,4.0,St. Martin's Press,Hardcover,264,2018,2018,2018/09/09,2018/09/08,,,read,,,,1,0
18635622,"A Knight of the Seven Kingdoms (The Tales of Dunk and Egg, #1-3)",George R.R. Martin,"Martin, George R.R.",Gary Gianni,,,5.0,Bantam Books,Hardcover,355,2015,2015,2017/09/19,2017/08/04,favorites,favorites (#6),read,,,,2,0
13,"The Ultimate Hitchhiker’s Guide to the Galaxy (Hitchhiker's Guide to the Galaxy, #1-5)",Douglas Adams,"Adams, Douglas",,0345453743,9780345453747,5.0,Del Rey Books,Paperback,815,2002,1996,2018/08/23,2018/08/21,,,read,,,,1,0
34427200,"The Four: The Hidden DNA of Amazon, Apple, Facebook, and Google",Scott Galloway,"Galloway, Scott",,0735213658,9780735213654,4.0,Portfolio,Hardcover,320,2017,2017,2018/08/19,2017/12/01,,,read,,,,1,0
35068432,I'll Be Gone in the Dark: One Woman's Obsessive Search for the Golden State Killer,Michelle McNamara,"McNamara, Michelle","Gillian Flynn, Patton Oswalt",0062319809,9780062319807,4.0,Harper,ebook,352,2018,2018,2018/08/03,2018/07/30,,,read,,,,1,0
38227902,The Rise of Rome (The Great Courses),Gregory S. Aldrete,"Aldrete, Gregory S.",,,,5.0,The Great Courses,Audible Audio,13,2018,2018,2018/06/04,2018/05/31,,,read,,,,1,0
522776,"The Wolf of Wall Street (The Wolf of Wall Street, #1)",Jordan Belfort,"Belfort, Jordan",,0553805460,9780553805468,3.0,Bantam,Hardcover,528,2007,2007,2018/06/08,2018/06/08,,,read,,,,1,0
13497,"A Feast for Crows (A Song of Ice and Fire, #4)",George R.R. Martin,"Martin, George R.R.",,,,4.0,Bantam Books,Mass Market Paperback,1060,2011,2005,2018/05/29,2014/02/22,,,read,,,,1,0
4099,The Pragmatic Programmer: From Journeyman to Master,Andy   Hunt,"Hunt, Andy","Dave         Thomas, Ward Cunningham",020161622X,9780201616224,4.0,Addison-Wesley Professional,Paperback,321,1999,1999,2018/04/17,2018/01/22,,,read,,,,1,0
17660462,The Everything Store: Jeff Bezos and the Age of Amazon,Brad Stone,"Stone, Brad",,0316219266,9780316219266,4.0,"Little, Brown and Company",Hardcover,384,2013,2013,2018/05/04,2018/04/12,,,read,,,,1,0
12625589,Turing's Cathedral: The Origins of the Digital Universe,George Dyson,"Dyson, George",,,,4.0,Pantheon,ebook,505,2012,2012,2018/04/30,2018/04/12,,,read,,,,1,0
11084145,Steve Jobs,Walter Isaacson,"Isaacson, Walter",,1451648537,9781451648539,5.0,Simon & Schuster,Hardcover,630,2011,2011,2018/5/1,2018/04/14,,,read,,,,2,0
25744928,Deep Work: Rules for Focused Success in a Distracted World,Cal Newport,"Newport, Cal",,1455586692,9781455586691,4.0,Grand Central Publishing,Hardcover,296,2016,2016,2018/04/14,2018/04/08,,,read,,,,1,0
13912,A Beautiful Mind,Sylvia Nasar,"Nasar, Sylvia",,0571212921,9780571212927,4.0,Faber & Faber,Paperback,461,1999,1998,2018/04/05,2018/03/29,,,read,,,,1,0
20821029,The Wars of the Roses: The Fall of the Plantagenets and the Rise of the Tudors,Dan Jones,"Jones, Dan",,0670026670,9780670026678,4.0,Viking,Hardcover,392,2014,2014,2018/03/25,2018/03/22,,,read,,,,1,0
3869,A Brief History of Time,Stephen W. Hawking,"Hawking, Stephen W.",,0553380168,9780553380163,5.0,Bantam Books,Paperback,226,1998,1988,2018/03/17,2018/03/14,favorites,favorites (#15),read,"I haven't read this one in a while. With the news of Dr. Hawking's passing it felt like as good as any to revisit it, and I'm glad I did.",,,1,0
18512,"The Return of the King (The Lord of the Rings, #3)",J.R.R. Tolkien,"Tolkien, J.R.R.",,,,5.0,Del Rey,Mass Market Paperback,404,2003,1955,2018/03/05,2018/01/24,favorites,favorites (#14),read,,,,1,0
7967,"Speaker for the Dead (Ender's Saga, #2)",Orson Scott Card,"Card, Orson Scott",,0812550757,9780812550757,5.0,Tor Books,Mass Market Paperback,382,1994,1986,2014/4/1,2014/02/22,favorites,favorites (#13),read,First time that I've read it in years. Now I remember why Speaker is the best of the quintet. ,,,2,0
34373814,The Friendly Orange Glow: The Untold Story of the PLATO System and the Dawn of Cyberculture,Brian Dear,"Dear, Brian",,1101871555,9781101871553,4.0,Pantheon,Hardcover,640,2017,2017,2018/02/16,2018/01/23,favorites,favorites (#12),read,"It's a great dive into an obscure but significant piece of computing history. Before reading I had little knowledge of the PLATO System, but this served as a fantastic history of the project, the community, and the innovations that helped pave the way for many of the technological advancements that we've seen in the last 40 years. The author's writing style very much reminds me of Walter Issacson's work. Specifically [b:The Innovators: How a Group of  Hackers, Geniuses and Geeks Created the Digital Revolution|21856367|The Innovators  How a Group of  Hackers, Geniuses and Geeks Created the Digital Revolution|Walter Isaacson|https://images.gr-assets.com/books/1410191571s/21856367.jpg|41129225].",,,1,0
15241,"The Two Towers (The Lord of the Rings, #2)",J.R.R. Tolkien,"Tolkien, J.R.R.",Peter S. Beagle,0618346260,9780618346264,5.0,Houghton Mifflin,Paperback,322,1993,1954,2018/02/02,2018/01/24,favorites,favorites (#11),read,,,,1,0
30165203,"American Gods (American Gods, #1)",Neil Gaiman,"Gaiman, Neil",,,,4.0,William Morrow,Kindle Edition,635,2011,2001,2017/01/10,2017/01/10,favorites,favorites (#10),read,,,,1,0
21856367,"The Innovators: How a Group of Hackers, Geniuses and Geeks Created the Digital Revolution",Walter Isaacson,"Isaacson, Walter",,147670869X,9781476708690,5.0,Simon & Schuster,Hardcover,542,2014,2014,2017/01/10,2017/01/02,favorites,favorites (#9),read,,,,1,0
10572,"A Clash of Kings  (A Song of Ice and Fire, #2)",George R.R. Martin,"Martin, George R.R.",,,,5.0,Random House Worlds,Paperback,1009,2002,1998,2017/09/19,2014/02/22,favorites,favorites (#8),read,,,,1,0
375802,"Ender’s Game (Ender's Saga, #1)",Orson Scott Card,"Card, Orson Scott",,0812550706,9780812550702,5.0,Tor,Mass Market Paperback,324,2004,1985,2014/2/28,2014/02/22,favorites,favorites (#7),read,,,,1,0
9969571,"Ready Player One (Ready Player One, #1)",Ernest Cline,"Cline, Ernest",,030788743X,9780307887436,5.0,Crown Publishers,Hardcover,480,2011,2011,2017/09/21,2017/09/19,favorites,favorites (#5),read,,,,1,0
34684622,Leonardo da Vinci,Walter Isaacson,"Isaacson, Walter",,1501139150,9781501139154,5.0,Simon & Schuster,Hardcover,600,2017,2017,2017/11/30,2017/10/31,favorites,favorites (#4),read,,,,1,0
31920777,American Kingpin: The Epic Hunt for the Criminal Mastermind Behind the Silk Road,Nick Bilton,"Bilton, Nick",,1591848148,9781591848141,4.0,Portfolio,Hardcover,328,2017,2017,2018/01/04,2018/01/02,,,read,,,,1,0
36595101,Fire and Fury: Inside the Trump White House,Michael  Wolff,"Wolff, Michael",,1250158060,9781250158062,4.0,Henry Holt and Co.,Hardcover,322,2018,2018,2018/01/11,2018/01/05,,,read,,,,1,0
28257707,The Subtle Art of Not Giving a F*ck: A Counterintuitive Approach to Living a Good Life,Mark Manson,"Manson, Mark",,,9798804636129,4.0,Harper,Paperback,212,2016,2016,2018/01/14,2017/12/30,,,read,,,,1,0
18630542,Seconds,Bryan Lee O'Malley,"O'Malley, Bryan Lee",,0345529375,9780345529374,5.0,Ballantine Books,Hardcover,323,2014,2014,2017/09/19,2017/09/19,,,read,,,,1,0
38447,"The Handmaid’s Tale (The Handmaid's Tale, #1)",Margaret Atwood,"Atwood, Margaret",,038549081X,9780385490818,4.0,Anchor Books,Paperback,311,1998,1985,2017/10/03,2017/09/21,,,read,,,,1,0
34504722,"Paper Girls, Volume 3",Brian K. Vaughan,"Vaughan, Brian K.","Cliff Chiang, Matt Wilson, Jared K. Fletcher",1534302239,9781534302235,4.0,Image Comics,Paperback,128,2017,2017,2017/10/03,2017/09/19,,,read,,,,1,0
33013351,The Fourth Transformation: How Augmented Reality and Artificial Intelligence Change Everything,Robert Scoble,"Scoble, Robert",Shel  Israel,,,5.0,Patrick Brewster Press,Kindle Edition,163,2016,2016,2017/10/03,2017/10/03,,,read,,,,1,0
34928122,Artemis,Andy Weir,"Weir, Andy",,0553448129,9780553448122,4.0,Crown,Hardcover,305,2017,2017,2017/12/12,2017/12/04,,,read,Excellent second outing for Andy Weir,,,1,0
10884,Einstein: His Life and Universe,Walter Isaacson,"Isaacson, Walter",,0743264738,9780743264730,4.0,Simon & Schuster,Hardcover,675,2007,2007,2017/03/30,2017/03/30,,,read,,,,1,0
31338724,"Paper Girls, Volume 2",Brian K. Vaughan,"Vaughan, Brian K.","Cliff Chiang, Matt Wilson, Jared K. Fletcher",1632158957,9781632158956,4.0,Image Comics,Paperback,128,2016,2016,2017/09/19,2017/09/19,,,read,,,,1,0
28204534,"Paper Girls, Volume 1",Brian K. Vaughan,"Vaughan, Brian K.","Cliff Chiang, Matt Wilson, Jared K. Fletcher",1632156741,9781632156747,4.0,Image Comics,Paperback,144,2016,2016,2017/09/19,2017/09/19,,,read,,,,1,0
11,"The Hitchhiker's Guide to the Galaxy (Hitchhiker's Guide to the Galaxy, #1)",Douglas Adams,"Adams, Douglas",,,,5.0,Del Rey Books,Mass Market Paperback,216,2005,1979,2017/01/01,2014/07/14,,,read,,,,1,0
23158207,How Google Works,Eric Schmidt,"Schmidt, Eric",Jonathan Rosenberg,,,0,Grand Central Publishing,ebook,286,2014,2014,2017/08/04,2017/07/27,,,read,,,,1,0
25131600,"Aftermath (Star Wars: Aftermath, #1)",Chuck Wendig,"Wendig, Chuck",,080417766X,9780804177665,0,Del Rey,ebook,366,2015,2015,2017/07/30,2017/07/29,,,read,,,,1,0
830502,It,Stephen  King,"King, Stephen",,0450411435,9780450411434,5.0,New English Library,Paperback,1184,1987,1986,2017/07/27,2017/03/30,,,read,,,,1,0
13496,"A Game of Thrones (A Song of Ice and Fire, #1)",George R.R. Martin,"Martin, George R.R.",,,,5.0,Bantam,Mass Market Paperback,835,2005,1996,2017/07/27,2014/02/22,favorites,favorites (#2),read,,,,1,0
20527133,"Superintelligence: Paths, Dangers, Strategies",Nick Bostrom,"Bostrom, Nick",,0199678111,9780199678112,0,Oxford University Press,Hardcover,352,2014,2014,2017/06/02,2017/04/03,,,read,,,,1,0
27276428,The Gene: An Intimate History,Siddhartha Mukherjee,"Mukherjee, Siddhartha",,,,0,Scribner,Hardcover,592,2016,2016,2017/06/02,2017/01/15,,,read,,,,1,0
6593810,Learn You a Haskell for Great Good!,Miran Lipovača,"Lipovača, Miran",,,,0,,ebook,176,,2011,2017/03/30,2017/01/17,,,read,,,,1,0
150731,Alan Turing: The Enigma,Andrew Hodges,"Hodges, Andrew",Douglas R. Hofstadter,0802775802,9780802775801,4.0,Walker Books,Paperback,608,2000,1983,2017/01/25,2016/10/11,,,read,,,,1,0
23492684,The Idealist: Aaron Swartz and the Rise of Free Culture on the Internet,Justin Peters,"Peters, Justin",,1476767726,9781476767727,4.0,Scribner,Hardcover,352,2016,2016,2017/01/12,2017/01/10,,,read,,,,1,0
23492802,Magic and Loss: The Internet as Art,Virginia Heffernan,"Heffernan, Virginia",,1439191700,9781439191705,4.0,Simon & Schuster,Hardcover,272,2016,2015,2017/01/15,2017/01/13,,,read,,,,1,0
26030703,Disrupted: My Misadventure in the Start-Up Bubble,Dan  Lyons,"Lyons, Dan",,0316306088,9780316306089,5.0,Grand Central Publishing,Hardcover,272,2016,2016,,2016/10/11,,,read,,,,1,0
18077903,"Creativity, Inc.: Overcoming the Unseen Forces That Stand in the Way of True Inspiration",Ed Catmull,"Catmull, Ed",Amy    Wallace,0812993012,9780812993011,4.0,Random House,Hardcover,368,2014,2014,2017/01/10,2017/01/06,,,read,,,,1,0
2761,The Denial of Death,Ernest Becker,"Becker, Ernest",Sam Keen,,,5.0,Free Press,Paperback,336,1997,1973,2014/12/27,2014/07/14,,,read,,,,1,0
18007564,The Martian,Andy Weir,"Weir, Andy",,0804139024,9780804139021,5.0,Crown Publishers,Hardcover,369,2014,2011,2014/09/26,2014/09/23,favorites,favorites (#1),read,"This book is fantastic. Period. It's one of the most gripping science fiction novels that I've read in quite some time, and in a lot of ways it reminds me a lot of the structure of 2001: A Space Odyssey. The book based around an astronaut that ends up stranded on Mars (a story that has been told a thousand times, I know) and his struggle to survive. But what this book does differently is that it uses actual science. It takes place in the present (think Mars One, 2030 Mars missions, etc), incorporates NASA politics, and just does a great job of telling the story from every relevant angle. Five out of five. Read it.",,,1,0
11468377,"Thinking, Fast and Slow",Daniel Kahneman,"Kahneman, Daniel",,0374275637,9780374275631,5.0,"Farrar, Straus and Giroux",Hardcover,499,2011,2011,2014/07/06,2014/07/14,,,read,Great read on our perceptions and mental processes. ,,,1,0
70535,"2001: A Space Odyssey (Space Odyssey, #1)",Arthur C. Clarke,"Clarke, Arthur C.",,,,5.0,Roc,Paperback,297,2000,1968,2014/06/06,2014/05/31,favorites,,read,Fantastic. A true space odyssey.,,,1,0